II.C.4 	 Conserved membrane proteins	Rv0202c Rv0206c Rv0402c Rv0403c Rv0450c Rv0451c Rv0506 Rv0507 Rv0676c Rv0677c Rv1183 Rv1522c Rv1557 Rv2198c Rv2339 Rv2942 Rv3823c
I.D.2 	 Aspartate family	Rv0337c Rv0391 Rv1079 Rv1133c Rv1202 Rv1293 Rv1294 Rv1295 Rv1296 Rv1392 Rv2124c Rv2141c Rv2201 Rv2726c Rv2753c Rv2773c Rv3340 Rv3341 Rv3565 Rv3708c Rv3709c
I.D.4 	 Aromatic amino acid family	Rv1609 Rv1611 Rv1612 Rv1613 Rv2178c Rv2192c Rv2386c Rv2537c Rv2538c Rv2539c Rv2540c Rv2552c Rv3227 Rv3754 Rv3838c
III.F 	 Detoxification	Rv0134 Rv0432 Rv0554 Rv0634c Rv1123c Rv1124 Rv1608c Rv1908c Rv1932 Rv1938 Rv2214c Rv2238c Rv2428 Rv2429 Rv2521 Rv2581c Rv3171c Rv3177 Rv3473c Rv3617 Rv3670 Rv3846
II.A.6 	 Protein translation and modification	Rv0009 Rv0120c Rv0429c Rv0684 Rv0685 Rv1080c Rv1299 Rv1641 Rv2534c Rv2582 Rv2839c Rv2882c Rv2889c Rv3105c Rv3462c
I.B.4 	 Glyoxylate bypass	Rv0467 Rv1837c Rv1915 Rv1916 Rv3323c
III.A.6 	 Efflux proteins	Rv0783c Rv0849 Rv1145 Rv1146 Rv1250 Rv1258c Rv1410c Rv1634 Rv1819c Rv1877 Rv2136c Rv2209 Rv2333c Rv2459 Rv2846c Rv2936 Rv2937 Rv2938 Rv2994 Rv3065
I.F.3 2'	deoxyribonucleotide metabolism	Rv0233 Rv0321 Rv0570 Rv1981c Rv2697c Rv2764c Rv3048c Rv3051c Rv3052c Rv3053c Rv3247c Rv3752c
I.B.5 	 Pentose phosphate pathway	Rv1121 Rv1122 Rv1408 Rv1445c Rv1446c Rv1447c Rv1448c Rv1449c Rv1844c Rv2436 Rv2465c
I.F.5 	 Miscellaneous nucleoside/nucleotide reactions	Rv0733 Rv1712 Rv2344c Rv2364c Rv2404c Rv2440c Rv2445c Rv2583c Rv2727c
II.A.2 	 Ribosome modification and maturation	Rv1010 Rv2838c Rv2907c
III.A.5 	 Fatty acid transport	Rv2790c Rv3540c
IV.B.1.b 	 IS1081	Rv1047 Rv1199c Rv2512c Rv2666 Rv3023c Rv3115
IV.K 	 Chelatases	Rv0958 Rv2850c
II.C.5 	 Other membrane proteins	Rv0037c Rv0051 Rv0064 Rv0072 Rv0073 Rv0076c Rv0102 Rv0110 Rv0180c Rv0191 Rv0194 Rv0200 Rv0204c Rv0205 Rv0225 Rv0226c Rv0227c Rv0236c Rv0246 Rv0249c Rv0290 Rv0291 Rv0292 Rv0314c Rv03183 Rv0345 Rv0361 Rv0371c Rv0383c Rv0401 Rv0412c Rv0441c Rv0461 Rv0473 Rv0475 Rv0476 Rv0477 Rv0479c Rv0488 Rv0497 Rv0513 Rv0514 Rv0528 Rv0531 Rv0537c Rv0538 Rv0541c Rv0544c Rv0556 Rv0559c Rv0585c Rv0615 Rv0621 Rv0622 Rv0625c Rv0655 Rv0658c Rv0679c Rv0680c Rv0686 Rv0713 Rv0738 Rv0817c Rv0842 Rv0867c Rv0870c Rv0875c Rv0876c Rv0882 Rv0885 Rv0888 Rv0906 Rv0947c Rv0955 Rv0985c Rv0986 Rv0987 Rv1002c Rv1004c Rv1072 Rv1097c Rv1101c Rv1132 Rv1159 Rv1212c Rv1217c Rv1218c Rv1226c Rv1227c Rv1230c Rv1249c Rv1272c Rv1273c Rv1348 Rv1349 Rv1401 Rv1424c Rv1431 Rv1433 Rv1456c Rv1457c Rv1458c Rv1463 Rv1473 Rv1481 Rv1490 Rv1491c Rv1508c Rv1510 Rv1565c Rv1610 Rv1624c Rv1635c Rv1648 Rv1667c Rv1668c Rv1671 Rv1672c Rv1678 Rv1686c Rv1687c Rv1733c Rv1747 Rv1749c Rv1779c Rv1795 Rv1824 Rv1841c Rv1842c Rv1863c Rv1903 Rv1920 Rv1979c Rv1986 Rv1999c Rv2025c Rv2037c Rv2051c Rv2091c Rv2093c Rv2113 Rv2144c Rv2174 Rv2180c Rv2181 Rv2199c Rv2265 Rv2326c Rv2395 Rv2434c Rv2456c Rv2473 Rv2477c Rv2507 Rv2508c Rv2536 Rv2560 Rv2563 Rv2673 Rv2686c Rv2688c Rv2690c Rv2869c Rv2874 Rv2963 Rv2968c Rv2969c Rv3041c Rv3069 Rv3070 Rv3078 Rv3092c Rv3163c Rv3193c Rv3197 Rv3200c Rv3217c Rv3238c Rv3239c Rv3360 Rv3402c Rv3447c Rv3448 Rv3450c Rv3454 Rv3481c Rv3482c Rv3524 Rv3604c Rv3629c Rv3630 Rv3635 Rv3645 Rv3658c Rv3659c Rv3728 Rv3737 Rv3779 Rv3781 Rv3783 Rv3792 Rv3805c Rv3806c Rv3807c Rv3843c Rv3848 Rv3887c Rv3894c Rv3901c Rv3910 Rv3921c
II.B.4 	 Polysaccharides  lipopolysaccharides and phospholipids	Rv0062 Rv0315 Rv1090 Rv1327c Rv1333 Rv3463 Rv3717 Rv3915
I.A.3 	 Fatty acids	Rv0035 Rv0099 Rv0119 Rv0131c Rv0154c Rv0166 Rv0214 Rv0215c Rv0222 Rv0231 Rv0243 Rv0244c Rv0270 Rv0271c Rv0275c Rv0400c Rv0404 Rv0456c Rv0468 Rv0551c Rv0632c Rv0672 Rv0673 Rv0675 Rv0752c Rv0852 Rv0855 Rv0859 Rv0860 Rv0873 Rv0905 Rv0971c Rv0972c Rv0973c Rv0974c Rv0975c Rv1058 Rv1070c Rv1071c Rv1074c Rv1136 Rv1141c Rv1142c Rv1143 Rv1175c Rv1185c Rv1193 Rv1206 Rv1323 Rv1345 Rv1346 Rv1427c Rv1467c Rv1472 Rv1492 Rv1493 Rv1521 Rv1529 Rv1549 Rv1550 Rv1679 Rv1683 Rv1715 Rv1750c Rv1912c Rv1925 Rv1933c Rv1934c Rv1935c Rv2187 Rv2486 Rv2500c Rv2501c Rv2502c Rv2503c Rv2504c Rv2505c Rv2590 Rv2679 Rv2724c Rv2789c Rv2831 Rv2930 Rv2941 Rv2948c Rv2950c Rv3039c Rv3061c Rv3089 Rv3139 Rv3140 Rv3141 Rv3274c Rv3373 Rv3374 Rv3409c Rv3504 Rv3505 Rv3506 Rv3513c Rv3515c Rv3516 Rv3543c Rv3544c Rv3546 Rv3550 Rv3556c Rv3560c Rv3561 Rv3562 Rv3563 Rv3564 Rv3573c Rv3667 Rv3761c Rv3774 Rv3797 Rv3801c Rv3826
IV.B.3 	 Phage related functions	Rv1054 Rv1055 Rv1573 Rv1574 Rv1575 Rv1576c Rv1577c Rv1578c Rv1579c Rv1580c Rv1581c Rv1582c Rv1583c Rv1584c Rv1585c Rv1586c Rv1701 Rv2309c Rv2310 Rv2646 Rv2647 Rv2650c Rv2651c Rv2652c Rv2653c Rv2654c Rv2655c Rv2656c Rv2657c Rv2658c Rv2659c Rv2830c Rv2894c Rv3750c Rv3751
VI 	 Unknowns	Rv0008c Rv0010c Rv0011c Rv0028 Rv0030 Rv0034 Rv0048c Rv0049 Rv0057 Rv0059 Rv0060 Rv0061 Rv0079 Rv0080 Rv0088 Rv0090 Rv0093c Rv0098 Rv0100 Rv0104 Rv0108c Rv0121c Rv0122 Rv0123 Rv0128 Rv0141c Rv0142 Rv0193c Rv0203 Rv0209 Rv0210 Rv0219 Rv0240 Rv0241c Rv0250c Rv0257c Rv0268c Rv0272c Rv0274 Rv0295c Rv0298 Rv0299 Rv0300 Rv0307c Rv0309 Rv0311 Rv0313 Rv0325 Rv0326 Rv0330c Rv0332 Rv0333 Rv0340 Rv0349 Rv0356c Rv0358 Rv0360c Rv0367c Rv0381c Rv0390 Rv0394c Rv0395 Rv0396 Rv0398c Rv0420c Rv0421c Rv0424c Rv0426c Rv0428c Rv0430 Rv0443 Rv0455c Rv0471c Rv0481c Rv0499 Rv0508 Rv0518 Rv0521c Rv0550c Rv0572c Rv0580c Rv0582 Rv0584 Rv0603 Rv0607 Rv0611c Rv0612 Rv0613c Rv0616c Rv0633c Rv0636 Rv0662c Rv0664 Rv0666 Rv0674 Rv0678 Rv0689c Rv0690c Rv0692 Rv0699 Rv0736 Rv0743c Rv0756c Rv0762c Rv0767c Rv0787 Rv0789c Rv0790c Rv0801 Rv0810c Rv0836c Rv0837c Rv0841c Rv0879c Rv0887c Rv0898c Rv0900 Rv0909 Rv0923c Rv0925c Rv0941c Rv0942 Rv0948c Rv0959 Rv0961 Rv0962c Rv0964c Rv0970 Rv0976c Rv0979c Rv0990c Rv0991c Rv0996 Rv0997 Rv0998 Rv0999 Rv1000 Rv1006 Rv1012 Rv1024 Rv1025 Rv1043c Rv1045 Rv1046c Rv1048c Rv1052 Rv1053c Rv1060 Rv1081c Rv1103c Rv1109c Rv1111c Rv1113 Rv1115 Rv1116 Rv1118c Rv1119c Rv1125 Rv1134 Rv1137c Rv1154c Rv1155 Rv1156 Rv1171 Rv1174c Rv1179c Rv1186c Rv1192 Rv1203c Rv1222 Rv1231c Rv1232c Rv1233c Rv1234 Rv1251c Rv1259 Rv1265 Rv1268c Rv1276c Rv1277 Rv1278 Rv1289 Rv1290c Rv1322 Rv1324 Rv1351 Rv1356c Rv1366 Rv1371 Rv1374c Rv1382 Rv1390 Rv1413 Rv1414 Rv1417 Rv1419 Rv1434 Rv1439c Rv1443c Rv1444c Rv1476 Rv1489c Rv1494 Rv1499 Rv1502 Rv1506c Rv1507c Rv1509 Rv1535 Rv1545 Rv1567c Rv1597 Rv1615 Rv1632c Rv1669 Rv1680 Rv1691 Rv1693 Rv1721c Rv1724c Rv1734c Rv1735c Rv1742 Rv1744c Rv1748 Rv1752 Rv1761c Rv1762c Rv1769 Rv1772 Rv1778c Rv1805c Rv1825 Rv1831 Rv1845c Rv1861 Rv1870c Rv1871c Rv1873 Rv1874 Rv1885c Rv1887 Rv1888c Rv1890c Rv1891 Rv1892 Rv1893 Rv1898 Rv1907c Rv1913 Rv1914c Rv1924c Rv1926c Rv1927 Rv1929c Rv1944c Rv1947 Rv1948c Rv1954c Rv1955 Rv1957 Rv1958c Rv1960c Rv1961 Rv1975 Rv1976c Rv1989c Rv1995 Rv2000 Rv2004c Rv2011c Rv2012 Rv2016 Rv2019 Rv2020c Rv2023c Rv2033c Rv2035 Rv2044c Rv2049c Rv2052c Rv2054 Rv2061c Rv2063c Rv2074 Rv2075c Rv2076c Rv2078 Rv2079 Rv2081c Rv2084 Rv2114 Rv2120c Rv2128 Rv2142c Rv2146c Rv2147c Rv2159c Rv2160c Rv2164c Rv2169c Rv2170 Rv2172c Rv2179c Rv2183c Rv2189c Rv2197c Rv2203 Rv2206 Rv2219 Rv2226 Rv2227 Rv2228c Rv2229c Rv2232 Rv2235 Rv2239c Rv2242 Rv2253 Rv2254c Rv2255c Rv2257c Rv2267c Rv2269c Rv2271 Rv2273 Rv2274c Rv2275 Rv2283 Rv2288 Rv2292c Rv2293c Rv2297 Rv2304c Rv2305 Rv2306c Rv2311 Rv2312 Rv2313c Rv2319c Rv2331 Rv2336 Rv2337c Rv2342 Rv2348c Rv2360c Rv2369c Rv2375 Rv2401 Rv2405 Rv2418c Rv2422 Rv2423 Rv2432c Rv2433c Rv2435c Rv2446c Rv2451 Rv2452c Rv2453c Rv2468c Rv2472 Rv2474c Rv2476c Rv2478c Rv2481c Rv2489c Rv2491 Rv2492 Rv2513 Rv2514c Rv2515c Rv2516c Rv2517c Rv2525c Rv2529 Rv2532c Rv2541 Rv2549c Rv2550c Rv2551c Rv2553c Rv2554c Rv2561 Rv2562 Rv2566 Rv2570 Rv2573 Rv2574 Rv2576c Rv2577 Rv2578c Rv2597 Rv2598 Rv2616 Rv2617c Rv2619c Rv2628 Rv2629 Rv2630 Rv2633c Rv2635 Rv2636 Rv2644c Rv2645 Rv2660c Rv2661c Rv2662 Rv2663 Rv2664 Rv2668 Rv2687c Rv2705c Rv2706c Rv2712c Rv2722 Rv2730 Rv2731 Rv2734 Rv2735c Rv2761c Rv2762c Rv2765 Rv2767c Rv2771c Rv2772c Rv2774c Rv2775 Rv2777c Rv2795c Rv2799 Rv2802c Rv2803c Rv2804c Rv2806 Rv2808 Rv2809 Rv2818c Rv2819c Rv2820c Rv2822c Rv2824c Rv2826c Rv2827c Rv2843 Rv2844 Rv2854 Rv2867c Rv2876 Rv2891 Rv2901c Rv2926c Rv2929 Rv2949c Rv2954c Rv2960c Rv2972c Rv2980 Rv2990c Rv2998 Rv3004 Rv3007c Rv3008 Rv3027c Rv3033 Rv3035 Rv3037c Rv3038c Rv3040c Rv3047c Rv3071 Rv3081 Rv3090 Rv3091 Rv3093c Rv3096 Rv3098c Rv3099c Rv3103c Rv3108 Rv3113 Rv3114 Rv3122 Rv3123 Rv3126c Rv3142c Rv3165c Rv3172c Rv3180c Rv3190c Rv3192 Rv3196 Rv3205c Rv3207c Rv3210c Rv3212 Rv3231c Rv3235 Rv3243c Rv3256c Rv3258c Rv3259 Rv3268 Rv3271c Rv3289c Rv3294 Rv3333c Rv3358 Rv3362c Rv3363c Rv3364c Rv3378c Rv3394c Rv3395c Rv3403c Rv3404c Rv3413c Rv3424c Rv3437 Rv3440c Rv3445c Rv3446c Rv3453 Rv3479 Rv3489 Rv3491 Rv3493c Rv3519 Rv3527 Rv3528c Rv3531c Rv3541c Rv3542c Rv3552 Rv3572 Rv3577 Rv3587c Rv3594 Rv3599c Rv3603c Rv3605c Rv3611 Rv3612c Rv3613c Rv3626c Rv3632 Rv3642c Rv3643 Rv3647c Rv3651 Rv3654c Rv3655c Rv3656c Rv3657c Rv3662c Rv3669 Rv3675 Rv3689 Rv3690 Rv3691 Rv3698 Rv3705c Rv3706c Rv3718c Rv3722c Rv3723 Rv3733c Rv3749c Rv3753c Rv3755c Rv3766 Rv3768 Rv3770c Rv3780 Rv3785 Rv3786c Rv3788 Rv3802c Rv3808c Rv3818 Rv3819 Rv3831 Rv3832c Rv3835 Rv3836 Rv3839 Rv3845 Rv3847 Rv3849 Rv3850 Rv3851 Rv3857c Rv3861 Rv3862c Rv3863 Rv3878 Rv3879c Rv3885c Rv3889c Rv3890c Rv3891c Rv3902c Rv3903c Rv3904c Rv3905c Rv3912
I.J.2 	 Two component systems	Rv0260c Rv0490 Rv0491 Rv0600c Rv0601c Rv0602c Rv0757 Rv0758 Rv0818 Rv0844c Rv0845 Rv0902c Rv0903c Rv0981 Rv0982 Rv1027c Rv1028c Rv1032c Rv1033c Rv1626 Rv2027c Rv2884 Rv3132c Rv3133c Rv3143 Rv3220c Rv3245c Rv3246c Rv3764c Rv3765c
I.D.3 	 Serine family	Rv0070c Rv0505c Rv0511 Rv0815c Rv0848 Rv0884c Rv1077 Rv1093 Rv1336 Rv2334 Rv2335 Rv2847c Rv2996c Rv3042c Rv3117
III.E 	 Adaptations and atypical conditions	Rv0871 Rv1026 Rv1901 Rv2006 Rv3063 Rv3372 Rv3490 Rv3648c Rv3756c Rv3757c Rv3758c Rv3759c
I.G.1 	 Biotin	Rv0032 Rv0089 Rv1442 Rv1568 Rv1569 Rv1570 Rv1589 Rv3279c
I.B.6.a 	 aerobic	Rv0527 Rv0529 Rv0694 Rv1451 Rv1542c Rv1854c Rv1872c Rv2193 Rv2194 Rv2195 Rv2196 Rv2200c Rv2249c Rv2470 Rv3043c Rv3145 Rv3146 Rv3147 Rv3148 Rv3149 Rv3150 Rv3151 Rv3152 Rv3153 Rv3154 Rv3155 Rv3156 Rv3157 Rv3158 Rv3302c
I.G.7 	 Pyridine nucleotide	Rv0423c Rv1594 Rv1595 Rv1596
III.A.1 	 Amino acids	Rv0346c Rv0411c Rv0522 Rv0917 Rv1280c Rv1281c Rv1282c Rv1283c Rv1704c Rv2127 Rv2320c Rv2564 Rv3253c Rv3663c Rv3664c Rv3665c Rv3666c
III.B 	 Chaperones/Heat shock	Rv0251c Rv0350 Rv0351 Rv0352 Rv0353 Rv0384c Rv0440 Rv0563 Rv2031c Rv2299c Rv2373c Rv2374c Rv2701c Rv3269 Rv3417c Rv3418c
I.G.10 	 Thioredoxin  glutaredoxin and mycothiol	Rv0773c Rv0816c Rv1470 Rv1471 Rv2394 Rv2855 Rv3913 Rv3914
IV.F 	 Cytochrome P450 enzymes	Rv0136 Rv0327c Rv0568 Rv0763c Rv0764c Rv0766c Rv0778 Rv1256c Rv1394c Rv1666c Rv1676 Rv1777 Rv1785c Rv1880c Rv2266 Rv2268c Rv2276 Rv3059 Rv3121 Rv3518c Rv3545c Rv3685c
I.C.2 	 Gluconeogenesis	Rv0069c Rv0211
II.B.1 	 RNA	Rv1014c Rv1340 Rv2444c Rv2902c Rv2925c Rv3923c
III.C 	 Cell division	Rv0012 Rv0435c Rv1708 Rv2115c Rv2150c Rv2151c Rv2154c Rv2748c Rv2921c Rv2922c Rv3101c Rv3102c Rv3213c Rv3610c Rv3625c Rv3641c Rv3917c Rv3918c Rv3919c
I.F.2 	 Pyrimidine ribonucleotide biosynthesis	Rv0382c Rv1380 Rv1381 Rv1383 Rv1384 Rv1385 Rv1699 Rv2139 Rv2883c
I.A.1 	 Carbon compounds	Rv0118c Rv0186 Rv0234c Rv0408 Rv0501 Rv0536 Rv0618 Rv0619 Rv0620 Rv0727c Rv0729 Rv0993 Rv1096 Rv1731 Rv2202c Rv2702 Rv3068c Rv3255c Rv3257c Rv3308 Rv3441c Rv3696c
I.H.1 	 Synthesis of fatty and mycolic acids	Rv0033 Rv0242c Rv0533c Rv0649 Rv0904c Rv1344 Rv1350 Rv1483 Rv1484 Rv1618 Rv1722 Rv2002 Rv2243 Rv2244 Rv2245 Rv2246 Rv2247 Rv2523c Rv2524c Rv2605c Rv2766c Rv3221c Rv3280 Rv3285 Rv3472 Rv3799c
IV.C.1.b 	 PE_PGRS subfamily	Rv0109 Rv0124 Rv0278c Rv0279c Rv0297 Rv0532 Rv0578c Rv0742 Rv0746 Rv0747 Rv0754 Rv0832 Rv0833 Rv0834c Rv0872c Rv0977 Rv0978c Rv0980c Rv1067c Rv1068c Rv1087 Rv1091 Rv1243c Rv1325c Rv1396c Rv1441c Rv1450c Rv1452c Rv1468c Rv1651c Rv1759c Rv1768 Rv1803c Rv1818c Rv1840c Rv1983 Rv2098c Rv2099c Rv2126c Rv2162c Rv2396 Rv2487c Rv2490c Rv2591 Rv2634c Rv2741 Rv2853 Rv3344c Rv3345c Rv3367 Rv3388 Rv3507 Rv3508 Rv3511 Rv3512 Rv3514 Rv3590c Rv3595c Rv3652 Rv3653 Rv3812
IV.I 	 Miscellaneous phosphatases  lyases  and hydrolases	Rv1263 Rv1604 Rv1692 Rv1833c Rv2277c Rv2296 Rv2363 Rv2579 Rv2888c Rv3137 Rv3175 Rv3273 Rv3310 Rv3375 Rv3569c Rv3588c Rv3677c Rv3684
III.A.3 	 Carbohydrates  organic acids and alcohols	Rv1200 Rv1236 Rv1237 Rv1238 Rv1902c Rv2038c Rv2039c Rv2040c Rv2041c Rv2316 Rv2317 Rv2318 Rv2443 Rv2832c Rv2833c Rv2834c Rv2835c Rv3331 Rv3476c
II.A.5 	 DNA replication  repair  recombination and restriction/modification	Rv0001 Rv0002 Rv0003 Rv0005 Rv0006 Rv0054 Rv0058 Rv0071 Rv0413 Rv0427c Rv0629c Rv0630c Rv0631c Rv0861c Rv0944 Rv0949 Rv1020 Rv1160 Rv1210 Rv1316c Rv1317c Rv1329c Rv1402 Rv1420 Rv1537 Rv1547 Rv1629 Rv1633 Rv1638 Rv1688 Rv1696 Rv2090 Rv2092c Rv2101 Rv2191 Rv2343c Rv2464c Rv2528c Rv2592c Rv2593c Rv2594c Rv2736c Rv2737c Rv2755c Rv2756c Rv2836c Rv2924c Rv2973c Rv2976c Rv2985 Rv3014c Rv3056 Rv3062 Rv3198c Rv3201c Rv3202c Rv3263 Rv3296 Rv3297 Rv3370c Rv3585 Rv3589 Rv3644c Rv3646c Rv3674c Rv3711c Rv3715c Rv3721c Rv3731
IV.G 	 Coenzyme F420 dependent enzymes	Rv0407 Rv1360 Rv3520c
II.A.8 	 Polysaccharides (cytoplasmic)	Rv0126 Rv1326c Rv1328 Rv1562c Rv1563c Rv1564c Rv1781c Rv2471
II.B.6 	 Aromatic hydrocarbons	Rv0316 Rv0771 Rv0939 Rv1723 Rv2715 Rv3469c Rv3530c Rv3534c Rv3536c
I.A.2 	 Amino acids and amines	Rv0751c Rv0753c Rv1001 Rv1187 Rv1538c Rv1848 Rv1849 Rv1850 Rv1851 Rv1852 Rv1853 Rv1905c Rv2321c Rv2322c Rv2531c Rv2780 Rv2913c Rv3551
IV.D 	 Antibiotic production and resistance	Rv0133 Rv0262c Rv0802c Rv1082 Rv1170 Rv1347c Rv2036 Rv2043c Rv2068c Rv2303c Rv3225c Rv3290c Rv3700c Rv3817
I.F.4 	 Salvage of nucleosides and nucleotides	Rv0478 Rv0535 Rv2584c Rv3307 Rv3309c Rv3313c Rv3314c Rv3315c Rv3393 Rv3624c
II.C.2 	 Surface polysaccharides  lipopolysaccharides  proteins and antigens	Rv0112 Rv0113 Rv0431 Rv0806c Rv0899 Rv0954 Rv1302 Rv1514c Rv1518 Rv1677 Rv1758 Rv1910c Rv1919c Rv1980c Rv1984c Rv1987 Rv2145c Rv2223c Rv2224c Rv2301 Rv2345 Rv2672 Rv2873 Rv2875 Rv2878c Rv2965c Rv3019c Rv3036c Rv3449 Rv3451 Rv3452 Rv3724 Rv3782 Rv3793 Rv3794 Rv3795 Rv3810 Rv3811 Rv3875
II.C.3 	 Murein sacculus and peptidoglycan	Rv0016c Rv0017c Rv0050 Rv0482 Rv0907 Rv1018c Rv1110 Rv1315 Rv1338 Rv1367c Rv1730c Rv1922 Rv2152c Rv2153c Rv2155c Rv2156c Rv2157c Rv2158c Rv2163c Rv2864c Rv2911 Rv2981c Rv3330 Rv3332 Rv3382c Rv3627c Rv3682 Rv3809c
II.A.4 	 Nucleoproteins	Rv1388 Rv1407 Rv2986c Rv3852
IV.B.1.c 	 Others	Rv0605 Rv0606 Rv0741 Rv0797 Rv0829 Rv0850 Rv0920c Rv0921 Rv0922 Rv1034c Rv1035c Rv1036c Rv1041c Rv1042c Rv1149 Rv1150 Rv1313c Rv2013 Rv2014 Rv2085 Rv2086 Rv2087 Rv2177c Rv2424c Rv2791c Rv2792c Rv2810c Rv2812 Rv2885c Rv2886c Rv2943 Rv2944 Rv2978c Rv2979c Rv3191c Rv3327 Rv3348 Rv3349c Rv3386 Rv3387 Rv3427c Rv3428c Rv3430c Rv3431c Rv3636 Rv3637 Rv3638 Rv3640c Rv3798 Rv3827c Rv3828c Rv3844
I.G.3 	 Lipoate	Rv2217 Rv2218
III.A.2 	 Cations	Rv0092 Rv0103c Rv0107c Rv0265c Rv0362 Rv0425c Rv0908 Rv0924c Rv0969 Rv1029 Rv1030 Rv1031 Rv1239c Rv1469 Rv1607 Rv1811 Rv1992c Rv1997 Rv2287 Rv2691 Rv2692 Rv2723 Rv2856 Rv2877c Rv2920c Rv3044 Rv3162c Rv3236c Rv3237c Rv3270 Rv3743c
I.G.8 	 Thiamine	Rv0414c Rv0417 Rv0422c Rv2977c
I.G.14 	 Iron utilisation	Rv1876 Rv2895c Rv3214 Rv3215 Rv3525c Rv3841
IV.A 	 Virulence	Rv0024 Rv0167 Rv0168 Rv0169 Rv0170 Rv0171 Rv0172 Rv0174 Rv0587 Rv0588 Rv0589 Rv0590 Rv0591 Rv0592 Rv0594 Rv1085c Rv1477 Rv1478 Rv1566c Rv1694 Rv1964 Rv1965 Rv1966 Rv1967 Rv1968 Rv1969 Rv1971 Rv2190c Rv3100c Rv3494c Rv3496c Rv3497c Rv3498c Rv3499c Rv3500c Rv3501c Rv3896c Rv3922c
I.G.9 	 Riboflavin	Rv1409 Rv1412 Rv1415 Rv1416 Rv1940 Rv2671 Rv2786c Rv3300c
I.J.3 	 Serine Threonine protein kinases and phosphoprotein phosphatases	Rv0014c Rv0015c Rv0018c Rv0153c Rv0410c Rv0931c Rv1266c Rv1743 Rv1746 Rv2088 Rv2176 Rv2234 Rv2914c Rv3080c
II.B.2 	 DNA	Rv0670 Rv1107c Rv1108c
II.B.5 	 Esterases and lipases	Rv0217c Rv0220 Rv0646c Rv1076 Rv1104 Rv1105 Rv1399c Rv1400c Rv1426c Rv1497 Rv1755c Rv1900c Rv1923 Rv2045c Rv2284 Rv2349c Rv2350c Rv2351c Rv2385 Rv2463 Rv2485c Rv2970c Rv3084 Rv3176c Rv3203 Rv3487c Rv3775
I.D.6 	 Pyruvate family	Rv3423c
I.D.7 	 Branched amino acid family	Rv0189c Rv1559 Rv1820 Rv2210c Rv2987c Rv2988c Rv2995c Rv3001c Rv3002c Rv3003c Rv3470c Rv3509c Rv3710
II.A.3 	 Aminoacyl tRNA synthases and their modification	Rv0041 Rv1007c Rv1292 Rv1406 Rv1536 Rv1640c Rv1649 Rv1650 Rv1689 Rv2130c Rv2357c Rv2448c Rv2555c Rv2572c Rv2580c Rv2614c Rv2845c Rv2906c Rv2992c Rv3009c Rv3011c Rv3012c Rv3336c Rv3580c Rv3598c Rv3834c
III.A.4 	 Anions	Rv0143c Rv0261c Rv0267 Rv0545c Rv0820 Rv0821c Rv0928 Rv0929 Rv0930 Rv0932c Rv0933 Rv0934 Rv0935 Rv0936 Rv1707 Rv1737c Rv1739c Rv1857 Rv1858 Rv1859 Rv1860 Rv2281 Rv2329c Rv2397c Rv2398c Rv2399c Rv2400c Rv2643 Rv2684 Rv2685 Rv3301c Rv3578 Rv3679 Rv3680
I.F.1 	 Purine ribonucleotide biosynthesis	Rv0357c Rv0389 Rv0772 Rv0777 Rv0780 Rv0788 Rv0803 Rv0808 Rv0809 Rv0956 Rv0957 Rv1017c Rv1389 Rv1843c Rv2964 Rv3275c Rv3276c Rv3396c Rv3410c Rv3411c
I.G.6 	 Pyridoxine	Rv2607
I.D.5 	 Histidine	Rv0114 Rv1599 Rv1600 Rv1601 Rv1602 Rv1603 Rv1605 Rv1606 Rv2121c Rv2122c Rv3772
V 	 Conserved hypotheticals	Rv0004 Rv0007 Rv0019c Rv0020c Rv0021c Rv0022c Rv0025 Rv0026 Rv0027 Rv0029 Rv0031 Rv0036c Rv0038 Rv0039c Rv0040c Rv0042c Rv0046c Rv0047c Rv0052 Rv0065 Rv0074 Rv0091 Rv0097 Rv0106 Rv0115 Rv0116c Rv0127 Rv0130 Rv0138 Rv0140 Rv0145 Rv0146 Rv0150c Rv0164 Rv0175 Rv0176 Rv0177 Rv0178 Rv0181c Rv0184 Rv0185 Rv0190 Rv0192 Rv0197 Rv0199 Rv0201c Rv0207c Rv0208c Rv0216 Rv0221 Rv0229c Rv0230c Rv0235c Rv0239 Rv0258c Rv0259c Rv0263c Rv0264c Rv0266c Rv0269c Rv0276 Rv0277c Rv0281 Rv0282 Rv0283 Rv0284 Rv0287 Rv0288 Rv0289 Rv0293c Rv0294 Rv0301 Rv0308 Rv0310c Rv0312 Rv0320 Rv0323c Rv0329c Rv0336 Rv0338c Rv0339c Rv0341 Rv0342 Rv0343 Rv0347 Rv0359 Rv0364 Rv0365c Rv0366c Rv0368c Rv0372c Rv0376c Rv0378 Rv0387c Rv0393 Rv0397 Rv0406c Rv0415 Rv0416 Rv0433 Rv0434 Rv0444c Rv0446c Rv0448c Rv0454 Rv0459 Rv0460 Rv0463 Rv0464c Rv0466 Rv0480c Rv0483 Rv0486 Rv0487 Rv0493c Rv0495c Rv0496 Rv0498 Rv0502 Rv0504c Rv0515 Rv0516c Rv0519c Rv0523c Rv0525 Rv0526 Rv0530 Rv0540 Rv0543c Rv0546c Rv0549c Rv0557 Rv0566c Rv0569 Rv0571c Rv0573c Rv0574c Rv0577 Rv0579 Rv0581 Rv0595c Rv0596c Rv0597c Rv0598c Rv0599c Rv0608 Rv0609 Rv0614 Rv0617 Rv0623 Rv0624 Rv0626 Rv0627 Rv0628c Rv0635 Rv0637 Rv0647c Rv0648 Rv0657c Rv0659c Rv0660c Rv0661c Rv0665 Rv0669c Rv0695 Rv0698 Rv0712 Rv0725c Rv0726c Rv0730 Rv0731c Rv0739 Rv0740 Rv0745 Rv0748 Rv0749 Rv0750 Rv0759c Rv0760c Rv0774c Rv0775 Rv0776c Rv0779c Rv0784 Rv0786c Rv0793 Rv0799c Rv0804 Rv0805 Rv0807 Rv0811c Rv0813c Rv0819 Rv0822c Rv0825c Rv0826 Rv0828c Rv0830 Rv0831c Rv0839 Rv0854 Rv0856 Rv0857 Rv0862c Rv0863 Rv0874c Rv0877 Rv0880 Rv0883c Rv0893c Rv0895 Rv0901 Rv0910 Rv0911 Rv0912 Rv0918 Rv0919 Rv0926c Rv0937c Rv0938 Rv0950c Rv0960 Rv0963c Rv0965c Rv0966c Rv0967 Rv0968 Rv0988 Rv0992c Rv1003 Rv1008 Rv1009 Rv1011 Rv1021 Rv1037c Rv1038c Rv1044 Rv1051c Rv1056 Rv1057 Rv1059 Rv1061 Rv1062 Rv1063c Rv1065 Rv1066 Rv1069c Rv1073 Rv1075c Rv1078 Rv1083 Rv1084 Rv1086 Rv1099c Rv1100 Rv1102c Rv1112 Rv1114 Rv1117 Rv1120c Rv1126c Rv1130 Rv1138c Rv1139c Rv1140 Rv1157c Rv1158c Rv1165 Rv1173 Rv1176c Rv1184c Rv1190 Rv1191 Rv1194c Rv1197 Rv1198 Rv1201c Rv1204c Rv1205 Rv1208 Rv1209 Rv1211 Rv1215c Rv1216c Rv1224 Rv1225c Rv1229c Rv1241 Rv1242 Rv1246c Rv1247c Rv1261c Rv1262c Rv1269c Rv1271c Rv1284 Rv1287 Rv1288 Rv1291c Rv1301 Rv1303 Rv1312 Rv1314c Rv1321 Rv1330c Rv1331 Rv1334 Rv1335 Rv1337 Rv1339 Rv1341 Rv1343c Rv1352 Rv1354c Rv1357c Rv1362c Rv1363c Rv1365c Rv1375 Rv1376 Rv1378c Rv1397c Rv1398c Rv1421 Rv1422 Rv1425 Rv1428c Rv1429 Rv1435c Rv1453 Rv1455 Rv1459c Rv1461 Rv1462 Rv1465 Rv1466 Rv1480 Rv1482c Rv1486c Rv1487 Rv1488 Rv1495 Rv1496 Rv1501 Rv1503c Rv1504c Rv1505c Rv1513 Rv1515c Rv1517 Rv1519 Rv1531 Rv1532c Rv1540 Rv1546 Rv1558 Rv1560 Rv1561 Rv1571 Rv1572c Rv1590 Rv1591 Rv1592c Rv1593c Rv1598c Rv1616 Rv1619 Rv1628c Rv1631 Rv1636 Rv1637c Rv1639c Rv1645c Rv1647 Rv1670 Rv1673c Rv1682 Rv1684 Rv1685c Rv1695 Rv1697 Rv1698 Rv1700 Rv1709 Rv1710 Rv1711 Rv1713 Rv1716 Rv1717 Rv1718 Rv1720c Rv1725c Rv1727 Rv1728c Rv1729c Rv1732c Rv1738 Rv1740 Rv1741 Rv1745c Rv1754c Rv1760 Rv1765c Rv1766 Rv1767 Rv1770 Rv1775 Rv1780 Rv1782 Rv1783 Rv1784 Rv1792 Rv1793 Rv1794 Rv1796 Rv1797 Rv1798 Rv1804c Rv1810 Rv1813c Rv1815 Rv1823 Rv1827 Rv1828 Rv1829 Rv1830 Rv1834 Rv1835c Rv1836c Rv1838c Rv1839c Rv1847 Rv1864c Rv1866 Rv1868 Rv1875 Rv1879 Rv1883c Rv1884c Rv1889c Rv1896c Rv1897c Rv1904 Rv1906c Rv1930c Rv1942c Rv1943c Rv1949c Rv1950c Rv1951c Rv1952 Rv1953 Rv1959c Rv1962c Rv1972 Rv1973 Rv1974 Rv1982c Rv1991c Rv1993c Rv1996 Rv1998c Rv2001 Rv2003c Rv2005c Rv2008c Rv2009 Rv2010 Rv2015c Rv2018 Rv2022c Rv2024c Rv2026c Rv2028c Rv2030c Rv2032 Rv2042c Rv2047c Rv2050 Rv2053c Rv2059 Rv2060 Rv2067c Rv2077c Rv2082 Rv2083 Rv2094c Rv2095c Rv2096c Rv2097c Rv2100 Rv2102 Rv2103c Rv2104c Rv2111c Rv2112c Rv2117 Rv2118c Rv2119 Rv2125 Rv2132 Rv2133c Rv2134c Rv2135c Rv2137c Rv2140c Rv2143 Rv2148c Rv2149c Rv2165c Rv2166c Rv2182c Rv2184c Rv2185c Rv2186c Rv2188c Rv2204c Rv2205c Rv2212 Rv2216 Rv2230c Rv2233 Rv2237 Rv2240c Rv2248 Rv2251 Rv2252 Rv2256c Rv2260 Rv2264c Rv2272 Rv2285 Rv2286c Rv2295 Rv2298 Rv2300c Rv2302 Rv2307c Rv2314c Rv2315c Rv2323c Rv2325c Rv2327 Rv2346c Rv2347c Rv2361c Rv2362c Rv2365c Rv2366c Rv2367c Rv2370c Rv2372c Rv2376c Rv2387 Rv2389c Rv2390c Rv2393 Rv2402 Rv2406c Rv2407 Rv2409c Rv2410c Rv2411c Rv2413c Rv2414c Rv2415c Rv2416c Rv2417c Rv2420c Rv2421c Rv2425c Rv2426c Rv2437 Rv2438c Rv2449c Rv2450c Rv2458 Rv2466c Rv2469c Rv2475c Rv2484c Rv2493 Rv2494 Rv2510c Rv2511 Rv2520c Rv2522c Rv2526 Rv2527 Rv2530c Rv2542 Rv2545 Rv2546 Rv2547 Rv2548 Rv2556c Rv2557 Rv2558 Rv2559c Rv2565 Rv2567 Rv2568c Rv2569c Rv2571c Rv2575 Rv2585c Rv2588c Rv2595 Rv2596 Rv2599 Rv2600 Rv2602 Rv2603c Rv2604c Rv2606c Rv2609c Rv2611c Rv2613c Rv2618 Rv2620c Rv2623 Rv2624c Rv2625c Rv2626c Rv2627c Rv2631 Rv2632c Rv2637 Rv2638 Rv2639c Rv2641 Rv2665 Rv2670c Rv2674 Rv2676c Rv2680 Rv2681 Rv2683 Rv2693c Rv2694c Rv2695 Rv2696c Rv2698 Rv2699c Rv2700 Rv2704 Rv2707 Rv2708c Rv2709 Rv2714 Rv2716 Rv2717c Rv2718c Rv2719c Rv2721c Rv2728c Rv2729c Rv2732c Rv2733c Rv2738c Rv2740 Rv2742c Rv2743c Rv2744c Rv2747 Rv2749 Rv2751 Rv2752c Rv2754c Rv2757c Rv2758c Rv2759c Rv2760c Rv2778c Rv2787 Rv2794c Rv2797c Rv2798c Rv2800 Rv2801c Rv2805 Rv2807 Rv2811 Rv2816c Rv2817c Rv2821c Rv2823c Rv2825c Rv2828c Rv2829c Rv2837c Rv2840c Rv2842c Rv2851c Rv2852c Rv2859c Rv2862c Rv2863 Rv2865 Rv2866 Rv2868c Rv2870c Rv2871 Rv2872 Rv2879c Rv2880c Rv2896c Rv2897c Rv2898c Rv2908c Rv2910c Rv2915c Rv2917 Rv2923c Rv2927c Rv2953 Rv2955c Rv2956 Rv2961 Rv2966c Rv2974c Rv2975c Rv2983 Rv2991 Rv2993c Rv3000 Rv3005c Rv3013 Rv3015c Rv3017c Rv3024c Rv3030 Rv3031 Rv3032 Rv3034c Rv3046c Rv3054c Rv3064c Rv3067 Rv3073c Rv3074 Rv3075c Rv3076 Rv3087 Rv3088 Rv3094c Rv3104c Rv3127 Rv3128c Rv3129 Rv3130c Rv3131 Rv3134c Rv3166c Rv3168 Rv3169 Rv3178 Rv3179 Rv3181c Rv3182 Rv3188 Rv3189 Rv3194c Rv3195 Rv3199c Rv3209 Rv3218 Rv3222c Rv3226c Rv3228 Rv3233c Rv3234c Rv3242c Rv3261 Rv3262 Rv3267 Rv3272 Rv3277 Rv3278c Rv3281 Rv3282 Rv3284 Rv3288c Rv3292 Rv3304 Rv3311 Rv3312c Rv3320c Rv3321c Rv3335c Rv3337 Rv3338 Rv3342 Rv3346c Rv3351c Rv3353c Rv3354 Rv3355c Rv3357 Rv3361c Rv3365c Rv3368c Rv3369 Rv3371 Rv3376 Rv3384c Rv3385c Rv3399 Rv3401 Rv3407 Rv3408 Rv3412 Rv3415c Rv3421c Rv3422c Rv3433c Rv3434c Rv3435c Rv3438 Rv3439c Rv3444c Rv3471c Rv3480c Rv3483c Rv3484 Rv3486 Rv3488 Rv3492c Rv3510c Rv3517 Rv3521 Rv3529c Rv3547 Rv3555c Rv3567c Rv3576 Rv3581c Rv3582c Rv3586 Rv3591c Rv3592 Rv3597c Rv3600c Rv3614c Rv3615c Rv3616c Rv3619c Rv3620c Rv3633 Rv3639c Rv3672c Rv3683 Rv3686c Rv3687c Rv3688c Rv3693 Rv3694c Rv3695 Rv3697c Rv3701c Rv3702c Rv3703c Rv3707c Rv3712 Rv3714c Rv3716c Rv3719 Rv3730c Rv3732 Rv3734c Rv3735 Rv3740c Rv3745c Rv3747 Rv3748 Rv3760 Rv3767c Rv3769 Rv3771c Rv3773c Rv3776 Rv3778c Rv3787c Rv3789 Rv3813c Rv3821 Rv3822 Rv3856c Rv3860 Rv3864 Rv3865 Rv3866 Rv3867 Rv3868 Rv3869 Rv3870 Rv3871 Rv3874 Rv3876 Rv3877 Rv3880c Rv3881c Rv3882c Rv3884c Rv3888c Rv3895c Rv3897c Rv3898c Rv3899c Rv3900c Rv3906c Rv3908 Rv3909 Rv3916c Rv3920c
I.H.2 	 Modification of fatty and mycolic acids	Rv0447c Rv0469 Rv0470c Rv0503c Rv0642c Rv0643c Rv0644c Rv0645c Rv0824c Rv1094 Rv3229c Rv3391 Rv3392c Rv3538
IV.E 	 Bacteriocin like proteins	Rv0798c Rv3660c Rv3661
I.C.3 	 Sugar nucleotides	Rv0322 Rv0334 Rv1511 Rv1512 Rv1525 Rv3264c Rv3265c Rv3266c Rv3400 Rv3464 Rv3465 Rv3468c Rv3634c Rv3784
II.A.7 	 RNA synthesis  RNA modification and DNA transcription	Rv0182c Rv0445c Rv0639 Rv0667 Rv0668 Rv0735 Rv1189 Rv1221 Rv1253 Rv1297 Rv1364c Rv1644 Rv2069 Rv2533c Rv2703 Rv2710 Rv2783c Rv2793c Rv2841c Rv3211 Rv3223c Rv3232c Rv3286c Rv3287c Rv3328c Rv3366 Rv3414c Rv3455c Rv3457c Rv3649 Rv3907c Rv3911
I.B.3 	 TCA cycle	Rv0066c Rv0794c Rv0889c Rv0896 Rv0951 Rv0952 Rv1098c Rv1131 Rv1240 Rv1248c Rv1475c Rv2215 Rv2498c Rv2967c Rv3316 Rv3317 Rv3318 Rv3319 Rv3339c
I.B.6.c 	 Electron transport	Rv0409 Rv0886 Rv1177 Rv1620c Rv1621c Rv1622c Rv1623c Rv2007c Rv3028c Rv3029c Rv3106 Rv3250c Rv3251c Rv3503c Rv3554
I.B.2 	 Pyruvate dehydrogenase	Rv0462 Rv2241 Rv2495c Rv2496c Rv2497c Rv3303c
IV.C.1.a 	 PE subfamily	Rv0151c Rv0152c Rv0159c Rv0160c Rv0285 Rv0335c Rv0916c Rv1040c Rv1088 Rv1089 Rv1169c Rv1172c Rv1195 Rv1214c Rv1386 Rv1430 Rv1646 Rv1788 Rv1791 Rv1806 Rv2107 Rv2328 Rv2340c Rv2371 Rv2408 Rv2431c Rv2519 Rv2615c Rv2769c Rv3020c Rv3097c Rv3477 Rv3539 Rv3622c Rv3650 Rv3746c Rv3872 Rv3893c
I.E 	 Polyamine synthesis	Rv2601
I.B.1 	 Glycolysis	Rv0363c Rv0489 Rv0946c Rv1023 Rv1436 Rv1437 Rv1438 Rv1617 Rv2029c Rv2419c Rv3010c Rv3837c
I.C.1 	 General	Rv0155 Rv0156 Rv0157 Rv0317c Rv1127c Rv1213 Rv1826 Rv1832 Rv2211c Rv2589 Rv3432c Rv3566c Rv3842c
I.H.3 	 Acyltransferases  Mycoloyltransferases  and phospholipid synthesis	Rv0045c Rv0129c Rv0436c Rv0437c Rv0564c Rv0914c Rv1543 Rv1551 Rv1627c Rv1814 Rv1822 Rv1867 Rv1886c Rv2261c Rv2262c Rv2289 Rv2482c Rv2612c Rv2746c Rv2881c Rv2982c Rv3523 Rv3720 Rv3803c Rv3804c
I.G.5 	 Pantothenate	Rv1092c Rv2225 Rv3601c Rv3602c
I.B.8 	 ATP proton motive force	Rv1304 Rv1305 Rv1306 Rv1307 Rv1308 Rv1309 Rv1310 Rv1311
IV.H 	 Miscellaneous transferases	Rv0075 Rv0111 Rv0187 Rv0188 Rv0213c Rv0224c Rv0228 Rv0380c Rv0517 Rv0520 Rv0539 Rv0560c Rv0567 Rv0696 Rv0858c Rv0881 Rv1147 Rv1178 Rv1220c Rv1254 Rv1373 Rv1377c Rv1403c Rv1405c Rv1464 Rv1498c Rv1500 Rv1516c Rv1520 Rv1523 Rv1524 Rv1526c Rv1703c Rv1978 Rv1988 Rv2294 Rv2483c Rv2610c Rv2622 Rv2675c Rv2689c Rv2739c Rv2952 Rv2957 Rv2958c Rv2959c Rv2962c Rv3025c Rv3026c Rv3120 Rv3204 Rv3216 Rv3329 Rv3379c Rv3579c Rv3631 Rv3699 Rv3729 Rv3814c Rv3815c Rv3816c
I.B.6.b 	 anaerobic	Rv0252 Rv0253 Rv1161 Rv1162 Rv1163 Rv1164 Rv1552 Rv1553 Rv1554 Rv1555 Rv1736c Rv2391 Rv2392 Rv2899c Rv2900c
II.B.3 	 Proteins  peptides and glycopeptides	Rv0125 Rv0198c Rv0319 Rv0457c Rv0724 Rv0734 Rv0781 Rv0782 Rv0800 Rv0840c Rv0983 Rv1223 Rv1977 Rv2089c Rv2109c Rv2110c Rv2213 Rv2457c Rv2460c Rv2461c Rv2467 Rv2535c Rv2667 Rv2725c Rv2782c Rv2861c Rv3305c Rv3306c Rv3419c Rv3596c Rv3668c Rv3671c Rv3883c Rv3886c
I.C.4 	 Amino sugars	Rv3436c
I.D.1 	 Glutamate family	Rv0500 Rv1652 Rv1653 Rv1654 Rv1655 Rv1656 Rv1658 Rv1659 Rv1878 Rv2220 Rv2221c Rv2222c Rv2427c Rv2439c Rv2860c Rv2918c Rv3704c Rv3858c Rv3859c
I.G.12 	 Heme and porphyrin	Rv0509 Rv0510 Rv0512 Rv0524 Rv1300 Rv1485 Rv2388c Rv2677c Rv2678c
I.B.7 	 Miscellaneous oxidoreductases and oxygenases	Rv0044c Rv0063 Rv0068 Rv0077c Rv0082 Rv0083 Rv0084 Rv0085 Rv0086 Rv0087 Rv0132c Rv0137c Rv0139 Rv0147 Rv0148 Rv0149 Rv0161 Rv0162c Rv0163 Rv0183 Rv0218 Rv0223c Rv0245 Rv0247c Rv0248c Rv0303 Rv0331 Rv0369c Rv0370c Rv0373c Rv0374c Rv0375c Rv0385 Rv0392c Rv0439c Rv0449c Rv0458 Rv0484c Rv0492c Rv0547c Rv0561c Rv0565c Rv0575c Rv0610c Rv0654 Rv0656c Rv0687 Rv0688 Rv0697 Rv0728c Rv0761c Rv0765c Rv0768 Rv0769 Rv0770 Rv0785 Rv0791c Rv0843 Rv0846c Rv0851c Rv0853c Rv0892 Rv0897c Rv0913c Rv0927c Rv0940c Rv0943c Rv0945 Rv0953c Rv1050 Rv1106c Rv1144 Rv1188 Rv1245c Rv1257c Rv1260 Rv1279 Rv1391 Rv1393c Rv1432 Rv1454c Rv1530 Rv1533 Rv1714 Rv1726 Rv1751 Rv1771 Rv1774 Rv1786 Rv1812c Rv1817 Rv1855c Rv1856c Rv1862 Rv1865c Rv1869c Rv1882c Rv1894c Rv1895 Rv1928c Rv1936 Rv1937 Rv1939 Rv1941 Rv2073c Rv2129c Rv2161c Rv2259 Rv2263 Rv2280 Rv2332 Rv2454c Rv2455c Rv2499c Rv2509 Rv2713 Rv2750 Rv2776c Rv2781c Rv2857c Rv2858c Rv2893 Rv2951c Rv2971 Rv2997 Rv3045 Rv3049c Rv3057c Rv3072c Rv3079c Rv3083 Rv3085 Rv3086 Rv3107c Rv3138 Rv3161c Rv3170 Rv3174 Rv3224 Rv3230c Rv3252c Rv3254 Rv3293 Rv3352c Rv3359 Rv3389c Rv3406 Rv3485c Rv3502c Rv3526 Rv3535c Rv3537 Rv3548c Rv3549c Rv3553 Rv3559c Rv3568c Rv3570c Rv3571 Rv3618 Rv3673c Rv3725 Rv3726 Rv3727 Rv3741c Rv3742c Rv3777 Rv3790 Rv3791 Rv3829c Rv3854c
I.I 	 Polyketide and non ribosomal peptide synthesis	Rv0101 Rv0405 Rv1013 Rv1153c Rv1180 Rv1181 Rv1182 Rv1342c Rv1372 Rv1527c Rv1528c Rv1544 Rv1660 Rv1661 Rv1662 Rv1663 Rv1664 Rv1665 Rv2048c Rv2377c Rv2378c Rv2379c Rv2380c Rv2381c Rv2382c Rv2383c Rv2384 Rv2928 Rv2931 Rv2932 Rv2933 Rv2934 Rv2935 Rv2939 Rv2940c Rv2946c Rv2947c Rv3800c Rv3820c Rv3824c Rv3825c
I.G.11 	 Menaquinone  PQQ  ubiquinone and other terpenoids	Rv0534c Rv0542c Rv0548c Rv0553 Rv0555 Rv0558 Rv0562 Rv0693 Rv0989c Rv2173 Rv2682c Rv3383c Rv3397c Rv3398c Rv3853
I.A.4 	 Phosphorous compounds	Rv1095 Rv2368c Rv2984 Rv3628
IV.J 	 Cyclases	Rv1264 Rv1318c Rv1319c Rv1320c Rv1625c Rv3377c
I.G.2 	 Folic acid	Rv0013 Rv0812 Rv1005c Rv1207 Rv2447c Rv2763c Rv3356c Rv3606c Rv3607c Rv3608c Rv3609c
I.C.5 	 Sulphur metabolism	Rv0296c Rv0663 Rv0711 Rv0814c Rv1285 Rv1286 Rv2131c Rv2291 Rv3077 Rv3118 Rv3248c Rv3283 Rv3299c Rv3762c Rv3796
I.G.13 	 Cobalamin	Rv0254c Rv0255c Rv0306 Rv2062c Rv2064 Rv2065 Rv2066 Rv2070c Rv2071c Rv2072c Rv2207 Rv2208 Rv2231c Rv2236c Rv2848c Rv2849c Rv3713
I.J.1 	 Repressors/activators	Rv0023 Rv0043c Rv0067c Rv0078 Rv0081 Rv0117 Rv0135c Rv0144 Rv0158 Rv0165c Rv0195 Rv0196 Rv0212c Rv0232 Rv0238 Rv0273c Rv0302 Rv0324 Rv0328 Rv0348 Rv0377 Rv0386 Rv0452 Rv0465c Rv0472c Rv0474 Rv0485 Rv0494 Rv0552 Rv0576 Rv0586 Rv0650 Rv0653c Rv0681 Rv0691c Rv0737 Rv0744c Rv0792c Rv0823c Rv0827c Rv0890c Rv0891c Rv0894 Rv1019 Rv1049 Rv1129c Rv1151c Rv1152 Rv1167c Rv1219c Rv1255c Rv1267c Rv1332 Rv1353c Rv1358 Rv1359 Rv1379 Rv1395 Rv1404 Rv1423 Rv1460 Rv1474c Rv1479 Rv1534 Rv1556 Rv1657 Rv1674c Rv1675c Rv1719 Rv1773c Rv1776c Rv1816 Rv1846c Rv1909c Rv1931c Rv1956 Rv1963c Rv1985c Rv1990c Rv1994c Rv2017 Rv2021c Rv2034 Rv2175c Rv2250c Rv2258c Rv2282c Rv2308 Rv2324 Rv2358 Rv2359 Rv2488c Rv2506 Rv2621c Rv2640c Rv2642 Rv2669 Rv2711 Rv2720 Rv2745c Rv2779c Rv2788 Rv2887 Rv2912c Rv2919c Rv2989 Rv3050c Rv3055 Rv3058c Rv3060c Rv3066 Rv3082c Rv3095 Rv3124 Rv3160c Rv3164c Rv3167c Rv3173c Rv3183 Rv3208 Rv3219 Rv3249c Rv3260c Rv3291c Rv3295 Rv3334 Rv3405c Rv3416 Rv3522 Rv3557c Rv3574 Rv3575c Rv3583c Rv3676 Rv3678c Rv3681c Rv3692 Rv3736 Rv3744 Rv3830c Rv3833 Rv3840 Rv3855
III.D 	 Protein and peptide secretion	Rv0379 Rv0638 Rv0732 Rv1440 Rv1539 Rv1614 Rv1821 Rv2462c Rv2586c Rv2587c Rv2813 Rv2903c Rv2916c Rv3240c
IV.B.1.a 	 IS6110	Rv0795 Rv0796 Rv1369c Rv1370c Rv1756c Rv1757c Rv1763 Rv1764 Rv2105 Rv2106 Rv2167c Rv2168c Rv2278 Rv2279 Rv2354 Rv2355 Rv2479c Rv2480c Rv2648 Rv2649 Rv2814c Rv2815c Rv3184 Rv3185 Rv3186 Rv3187 Rv3325 Rv3326 Rv3380c Rv3381c Rv3474 Rv3475
I.G.4 	 Molybdopterin	Rv0438c Rv0864 Rv0865 Rv0866 Rv0868c Rv0869c Rv0984 Rv0994 Rv1355c Rv1681 Rv2338c Rv3109 Rv3110 Rv3111 Rv3112 Rv3116 Rv3119 Rv3206c Rv3322c Rv3324c
II.A.1 	 Ribosomal protein synthesis and modification	Rv0053 Rv0055 Rv0056 Rv0105c Rv0640 Rv0641 Rv0651 Rv0652 Rv0682 Rv0683 Rv0700 Rv0701 Rv0702 Rv0703 Rv0704 Rv0705 Rv0706 Rv0707 Rv0708 Rv0709 Rv0710 Rv0714 Rv0715 Rv0716 Rv0717 Rv0718 Rv0719 Rv0720 Rv0721 Rv0722 Rv0723 Rv0995 Rv1015c Rv1298 Rv1630 Rv1642 Rv1643 Rv2055c Rv2056c Rv2057c Rv2058c Rv2412 Rv2441c Rv2442c Rv2785c Rv2890c Rv2904c Rv2909c Rv3241c Rv3420c Rv3442c Rv3443c Rv3456c Rv3458c Rv3459c Rv3460c Rv3461c Rv3924c
IV.C.2 	 PPE family	Rv0096 Rv0256c Rv0280 Rv0286 Rv0304c Rv0305c Rv0354c Rv0355c Rv0388c Rv0442c Rv0453 Rv0755c Rv0878c Rv0915c Rv1039c Rv1135c Rv1168c Rv1196 Rv1361c Rv1387 Rv1548c Rv1705c Rv1706c Rv1753c Rv1787 Rv1789 Rv1790 Rv1800 Rv1801 Rv1802 Rv1807 Rv1808 Rv1809 Rv1917c Rv1918c Rv2108 Rv2123 Rv2352c Rv2353c Rv2356c Rv2430c Rv2608 Rv2768c Rv2770c Rv2892c Rv3018c Rv3021c Rv3022c Rv3125c Rv3135 Rv3136 Rv3144c Rv3159c Rv3343c Rv3347c Rv3350c Rv3425 Rv3426 Rv3429 Rv3478 Rv3532 Rv3533c Rv3558 Rv3621c Rv3738c Rv3739c Rv3873 Rv3892c
IV.B.2 	 REP13E12 family	Rv0094c Rv0095c Rv1128c Rv1148c Rv1587c Rv1588c Rv1702c Rv1945 Rv3466 Rv3467
II.C.1 	 Lipoproteins(lppA lpr0)	Rv0173 Rv0179c Rv0237 Rv0344c Rv0399c Rv0418 Rv0419 Rv0583c Rv0593 Rv0604 Rv0671 Rv0835 Rv0838 Rv0847 Rv1016c Rv1022 Rv1064c Rv1166 Rv1228 Rv1235 Rv1244 Rv1252c Rv1270c Rv1274 Rv1275 Rv1368 Rv1411c Rv1418 Rv1541c Rv1690 Rv1799 Rv1881c Rv1899c Rv1911c Rv1921c Rv1946c Rv1970 Rv2046 Rv2080 Rv2116 Rv2138 Rv2171 Rv2270 Rv2290 Rv2330c Rv2341 Rv2403c Rv2518c Rv2543 Rv2544 Rv2784c Rv2796c Rv2905 Rv2945c Rv2999 Rv3006 Rv3016 Rv3244c Rv3298c Rv3390 Rv3495c Rv3584 Rv3593 Rv3623 Rv3763
